"","id.exposure","id.outcome","outcome","exposure","nsnp","b_Inverse.variance.weighted","se_Inverse.variance.weighted","pval_Inverse.variance.weighted","estimate_Inverse.variance.weighted","b_Weighted.median","se_Weighted.median","pval_Weighted.median","estimate_Weighted.median","b_MR.Egger","se_MR.Egger","pval_MR.Egger","estimate_MR.Egger","Q_MR.Egger","Q_df_MR.Egger","Q_pval_MR.Egger","Q_Inverse.variance.weighted","Q_df_Inverse.variance.weighted","Q_pval_Inverse.variance.weighted","egger_intercept","se","pval","correct_causal_direction","steiger_pval","X"
"1","U8UYmj","ebi-a-GCST000612","Celiac disease || id:ebi-a-GCST000612","M35628.metal.pos.txt.gz",4,2.42219318792872,0.868894964166056,0.00530884479870543," 11.27 (2.05-6.188000e+01)",2.3398618982582,1.07788555116167,0.0299471398256695," 10.38 (1.26-8.584000e+01)",4.67864956210841,9.94721239775953,0.684410425542386,"107.62 (0.00-3.156093e+10)",1.20910389234274,2,0.546319152198301,1.26095732707636,3,0.738424350776115,-0.0396878002832556,0.174288312132349,0.841029845355021,TRUE,2.90173925608273e-09,NA
"2","SvR771","ebi-a-GCST000612","Celiac disease || id:ebi-a-GCST000612","M35628.metal.pos.txt.gz",4,2.42219318792872,0.868894964166056,0.00530884479870543," 11.27 (2.05-6.188000e+01)",2.3398618982582,1.05560157671424,0.0266494369810682," 10.38 (1.31-8.217000e+01)",4.67864956210841,9.94721239775953,0.684410425542386,"107.62 (0.00-3.156093e+10)",1.20910389234274,2,0.546319152198301,1.26095732707636,3,0.738424350776115,-0.0396878002832556,0.174288312132349,0.841029845355021,TRUE,2.90173925608273e-09,1
